{"stats":{"minecraft:dropped":{"minecraft:dirt":6,"minecraft:wheat_seeds":3},"minecraft:custom":{"minecraft:time_since_rest":8022,"minecraft:crouch_one_cm":75,"minecraft:play_time":12326,"minecraft:sprint_one_cm":13222,"minecraft:deaths":1,"minecraft:damage_taken":1155,"minecraft:walk_one_cm":9745,"minecraft:sneak_time":140,"minecraft:drop":9,"minecraft:jump":149,"minecraft:damage_dealt":91,"minecraft:leave_game":5,"minecraft:time_since_death":7954,"minecraft:total_world_time":12326,"minecraft:fall_one_cm":4035,"minecraft:fly_one_cm":31156},"minecraft:picked_up":{"minecraft:wheat_seeds":4,"minecraft:dirt":7},"minecraft:used":{"minecraft:dirt":1},"minecraft:mined":{"minecraft:short_grass":7,"minecraft:grass_block":1,"minecraft:dirt":6,"minecraft:tall_grass":1}},"DataVersion":3953}