{"stats":{"minecraft:custom":{"minecraft:jump":150,"minecraft:time_since_rest":23466,"minecraft:damage_dealt":446,"minecraft:crouch_one_cm":548,"minecraft:leave_game":1,"minecraft:sprint_one_cm":6081,"minecraft:play_time":23466,"minecraft:damage_taken":85,"minecraft:time_since_death":23466,"minecraft:walk_one_cm":23105,"minecraft:sneak_time":378,"minecraft:total_world_time":23466,"minecraft:drop":1,"minecraft:fall_one_cm":1658,"minecraft:fly_one_cm":12264},"minecraft:used":{"minecraft:stone":74},"minecraft:dropped":{"minecraft:stone":1}},"DataVersion":3953}