{"stats":{"minecraft:used":{"minecraft:netherite_sword":11,"minecraft:dirt":2,"minecraft:cobblestone":18,"minecraft:flint_and_steel":7,"minecraft:tnt":544,"minecraft:grass_block":19,"minecraft:spawner":1,"minecraft:stone":91,"minecraft:zombie_spawn_egg":1},"minecraft:killed":{"minecraft:zombie":3,"minecraft:pig":1},"minecraft:custom":{"minecraft:time_since_rest":98128,"minecraft:open_chest":2,"minecraft:crouch_one_cm":613,"minecraft:play_time":98128,"minecraft:sprint_one_cm":23289,"minecraft:damage_taken":85,"minecraft:walk_one_cm":69613,"minecraft:sneak_time":901,"minecraft:walk_under_water_one_cm":7313,"minecraft:mob_kills":4,"minecraft:drop":3,"minecraft:jump":446,"minecraft:damage_dealt":1597,"minecraft:leave_game":6,"minecraft:walk_on_water_one_cm":963,"minecraft:time_since_death":98128,"minecraft:total_world_time":98128,"minecraft:swim_one_cm":16879,"minecraft:fall_one_cm":1658,"minecraft:fly_one_cm":256715},"minecraft:picked_up":{"minecraft:azure_bluet":1,"minecraft:rotten_flesh":2,"minecraft:wheat_seeds":1,"minecraft:porkchop":1,"minecraft:coal":19,"minecraft:dirt":8,"minecraft:cobblestone":40},"minecraft:dropped":{"minecraft:stone":1,"minecraft:porkchop":1,"minecraft:wheat_seeds":1}},"DataVersion":3953}