{"stats":{"minecraft:dropped":{"minecraft:stone":1,"minecraft:porkchop":1,"minecraft:wheat_seeds":1,"minecraft:grass_block":2},"minecraft:picked_up":{"minecraft:azure_bluet":1,"minecraft:rotten_flesh":15,"minecraft:wheat_seeds":1,"minecraft:iron_helmet":1,"minecraft:porkchop":1,"minecraft:grass_block":2,"minecraft:coal":19,"minecraft:dirt":8,"minecraft:cobblestone":40},"minecraft:custom":{"minecraft:time_since_rest":104070,"minecraft:open_chest":2,"minecraft:crouch_one_cm":613,"minecraft:play_time":104070,"minecraft:sprint_one_cm":28106,"minecraft:damage_taken":85,"minecraft:walk_one_cm":86696,"minecraft:sneak_time":904,"minecraft:walk_under_water_one_cm":8010,"minecraft:mob_kills":14,"minecraft:drop":5,"minecraft:jump":542,"minecraft:damage_dealt":4613,"minecraft:leave_game":6,"minecraft:walk_on_water_one_cm":1285,"minecraft:time_since_death":104070,"minecraft:total_world_time":104070,"minecraft:swim_one_cm":16879,"minecraft:fall_one_cm":1658,"minecraft:fly_one_cm":274305},"minecraft:killed":{"minecraft:zombie":12,"minecraft:pig":1,"minecraft:enderman":1},"minecraft:used":{"minecraft:netherite_sword":11,"minecraft:dirt":2,"minecraft:cobblestone":18,"minecraft:flint_and_steel":7,"minecraft:tnt":544,"minecraft:grass_block":21,"minecraft:netherite_chestplate":1,"minecraft:netherite_axe":27,"minecraft:spawner":1,"minecraft:stone":91,"minecraft:zombie_spawn_egg":10}},"DataVersion":3953}