{"stats":{"minecraft:killed":{"minecraft:pig":1},"minecraft:custom":{"minecraft:time_since_rest":59408,"minecraft:crouch_one_cm":613,"minecraft:play_time":59408,"minecraft:sprint_one_cm":20017,"minecraft:damage_taken":85,"minecraft:walk_one_cm":57431,"minecraft:sneak_time":632,"minecraft:walk_under_water_one_cm":680,"minecraft:mob_kills":1,"minecraft:drop":3,"minecraft:jump":350,"minecraft:damage_dealt":556,"minecraft:leave_game":4,"minecraft:walk_on_water_one_cm":30,"minecraft:time_since_death":59408,"minecraft:total_world_time":59408,"minecraft:fall_one_cm":1658,"minecraft:fly_one_cm":123557},"minecraft:used":{"minecraft:cobblestone":18,"minecraft:flint_and_steel":5,"minecraft:tnt":542,"minecraft:grass_block":19,"minecraft:stone":91},"minecraft:dropped":{"minecraft:stone":1,"minecraft:porkchop":1,"minecraft:wheat_seeds":1},"minecraft:picked_up":{"minecraft:azure_bluet":1,"minecraft:wheat_seeds":1,"minecraft:porkchop":1,"minecraft:coal":19,"minecraft:dirt":8,"minecraft:cobblestone":40}},"DataVersion":3953}