{"stats":{"minecraft:killed":{"minecraft:pig":1},"minecraft:used":{"minecraft:tnt":410,"minecraft:grass_block":19,"minecraft:stone":87},"minecraft:dropped":{"minecraft:stone":1,"minecraft:porkchop":1,"minecraft:wheat_seeds":1},"minecraft:custom":{"minecraft:time_since_rest":50902,"minecraft:crouch_one_cm":613,"minecraft:play_time":50902,"minecraft:sprint_one_cm":18975,"minecraft:damage_taken":85,"minecraft:walk_one_cm":47381,"minecraft:sneak_time":613,"minecraft:walk_under_water_one_cm":680,"minecraft:mob_kills":1,"minecraft:drop":3,"minecraft:jump":305,"minecraft:damage_dealt":556,"minecraft:leave_game":3,"minecraft:walk_on_water_one_cm":30,"minecraft:time_since_death":50902,"minecraft:total_world_time":50902,"minecraft:fall_one_cm":1658,"minecraft:fly_one_cm":111942},"minecraft:picked_up":{"minecraft:wheat_seeds":1,"minecraft:porkchop":1}},"DataVersion":3953}