{"stats":{"minecraft:killed":{"minecraft:pig":1},"minecraft:custom":{"minecraft:open_chest":2,"minecraft:time_since_rest":77475,"minecraft:crouch_one_cm":613,"minecraft:play_time":77475,"minecraft:sprint_one_cm":21277,"minecraft:damage_taken":85,"minecraft:walk_one_cm":59873,"minecraft:sneak_time":901,"minecraft:walk_under_water_one_cm":7313,"minecraft:mob_kills":1,"minecraft:drop":3,"minecraft:jump":390,"minecraft:damage_dealt":556,"minecraft:leave_game":5,"minecraft:walk_on_water_one_cm":963,"minecraft:time_since_death":77475,"minecraft:total_world_time":77475,"minecraft:swim_one_cm":16879,"minecraft:fall_one_cm":1658,"minecraft:fly_one_cm":250796},"minecraft:used":{"minecraft:cobblestone":18,"minecraft:flint_and_steel":7,"minecraft:tnt":544,"minecraft:grass_block":19,"minecraft:stone":91},"minecraft:dropped":{"minecraft:stone":1,"minecraft:porkchop":1,"minecraft:wheat_seeds":1},"minecraft:picked_up":{"minecraft:azure_bluet":1,"minecraft:wheat_seeds":1,"minecraft:porkchop":1,"minecraft:coal":19,"minecraft:dirt":8,"minecraft:cobblestone":40}},"DataVersion":3953}