{"stats":{"minecraft:killed":{"minecraft:pig":1},"minecraft:custom":{"minecraft:open_chest":2,"minecraft:time_since_rest":65374,"minecraft:crouch_one_cm":613,"minecraft:play_time":65374,"minecraft:sprint_one_cm":20410,"minecraft:damage_taken":85,"minecraft:walk_one_cm":58332,"minecraft:sneak_time":901,"minecraft:walk_under_water_one_cm":7302,"minecraft:mob_kills":1,"minecraft:drop":3,"minecraft:jump":368,"minecraft:damage_dealt":556,"minecraft:leave_game":4,"minecraft:walk_on_water_one_cm":921,"minecraft:time_since_death":65374,"minecraft:total_world_time":65374,"minecraft:swim_one_cm":13275,"minecraft:fall_one_cm":1658,"minecraft:fly_one_cm":247012},"minecraft:used":{"minecraft:cobblestone":18,"minecraft:flint_and_steel":7,"minecraft:tnt":544,"minecraft:grass_block":19,"minecraft:stone":91},"minecraft:dropped":{"minecraft:stone":1,"minecraft:porkchop":1,"minecraft:wheat_seeds":1},"minecraft:picked_up":{"minecraft:azure_bluet":1,"minecraft:wheat_seeds":1,"minecraft:porkchop":1,"minecraft:coal":19,"minecraft:dirt":8,"minecraft:cobblestone":40}},"DataVersion":3953}