{"stats":{"minecraft:picked_up":{"minecraft:beef":2,"minecraft:stick":2,"minecraft:oak_log":3,"minecraft:wheat_seeds":3},"minecraft:killed":{"minecraft:cow":1},"minecraft:mined":{"minecraft:short_grass":14,"minecraft:tall_grass":5,"minecraft:oak_log":3,"minecraft:oak_leaves":5},"minecraft:dropped":{"minecraft:wheat_seeds":3},"minecraft:custom":{"minecraft:jump":56,"minecraft:time_since_rest":2176,"minecraft:damage_dealt":165,"minecraft:leave_game":1,"minecraft:sprint_one_cm":5196,"minecraft:play_time":2176,"minecraft:time_since_death":2176,"minecraft:walk_one_cm":6908,"minecraft:sneak_time":31,"minecraft:total_world_time":2176,"minecraft:mob_kills":1,"minecraft:drop":3,"minecraft:fall_one_cm":1730,"minecraft:fly_one_cm":5947}},"DataVersion":3700}