{"stats":{"minecraft:dropped":{"minecraft:wheat_seeds":1},"minecraft:used":{"minecraft:dirt":1,"minecraft:azure_bluet":3},"minecraft:custom":{"minecraft:jump":134,"minecraft:time_since_rest":20607,"minecraft:damage_dealt":100,"minecraft:play_time":20607,"minecraft:crouch_one_cm":64,"minecraft:leave_game":2,"minecraft:sprint_one_cm":9426,"minecraft:time_since_death":20607,"minecraft:walk_one_cm":7012,"minecraft:sneak_time":120,"minecraft:total_world_time":20607,"minecraft:drop":1,"minecraft:fall_one_cm":1463,"minecraft:fly_one_cm":51830},"minecraft:picked_up":{"minecraft:azure_bluet":1,"minecraft:wheat_seeds":2,"minecraft:dirt":1},"minecraft:mined":{"minecraft:short_grass":4,"minecraft:tall_grass":3,"minecraft:grass_block":1}},"DataVersion":3953}