{"stats":{"minecraft:killed":{"minecraft:sheep":2,"minecraft:donkey":1,"minecraft:cod":2,"minecraft:pig":1,"minecraft:chicken":1,"minecraft:cow":4},"minecraft:used":{"minecraft:dirt":2,"minecraft:flint_and_steel":10,"minecraft:tnt":214,"minecraft:grass_block":4,"minecraft:gravel":7},"minecraft:mined":{"minecraft:gravel":16},"minecraft:dropped":{"minecraft:gravel":9},"minecraft:custom":{"minecraft:time_since_rest":13995,"minecraft:crouch_one_cm":1429,"minecraft:play_time":13995,"minecraft:sprint_one_cm":6610,"minecraft:walk_one_cm":7342,"minecraft:sneak_time":306,"minecraft:walk_under_water_one_cm":200,"minecraft:mob_kills":11,"minecraft:drop":1,"minecraft:jump":123,"minecraft:leave_game":1,"minecraft:time_since_death":13995,"minecraft:walk_on_water_one_cm":167,"minecraft:total_world_time":13995,"minecraft:swim_one_cm":1414,"minecraft:fly_one_cm":120645,"minecraft:fall_one_cm":3518},"minecraft:picked_up":{"minecraft:raw_iron":1,"minecraft:gravel":16,"minecraft:cobblestone":9}},"DataVersion":3953}